Zona;flat;house
01001;5964;2
01002;12202;66
01003;13390;138
01004;2940;1
01005;4205;1
01006;7694;154
01007;5066;513
01008;8105;2
01009;4704;4
01010;20672;792
01012;10168;1
01013;6256;712
01015;9497;257
01110;437;171
01117;267;112
01118;296;187
01120;170;101
01128;214;86
01129;201;129
01130;252;220
01138;223;621
01139;244;591
01160;386;47
01165;45;23
01169;149;79
01170;617;319
01191;206;232
01192;804;395
01193;170;331
01194;1075;541
01195;129;303
01196;113;319
01200;2191;218
01206;208;335
01207;204;187
01208;276;305
01211;245;229
01212;356;369
01213;355;480
01216;121;96
01220;186;171
01230;579;512
01240;753;437
01250;637;145
01260;72;59
01300;955;251
01306;459;168
01307;327;449
01308;530;276
01309;416;423
01320;1392;281
01321;20;25
01322;403;242
01330;1091;688
01340;578;271
01400;8014;643
01408;505;63
01409;419;194
01420;94;126
01423;476;405
01426;418;245
01427;214;113
01428;149;275
01430;41;78
01439;130;77
01440;511;138
01449;128;68
01450;197;91
01468;161;208
01470;3782;447
01474;771;230
01476;113;119
01477;222;141
01478;163;71
01479;126;137
01510;90;119
01520;191;346
48001;2700;0
48002;13675;761
48003;18899;253
48004;25779;174
48005;3899;0
48006;13490;47
48007;17813;503
48008;2480;0
48009;5206;0
48010;7186;6
48011;5341;0
48012;14134;40
48013;11910;149
48014;11714;161
48015;11721;122
48100;6664;2727
48110;655;646
48111;257;772
48112;299;555
48113;466;897
48114;564;266
48115;453;262
48116;343;322
48120;732;819
48130;3015;834
48140;2279;488
48141;953;425
48142;306;400
48143;638;197
48144;1094;439
48145;90;104
48150;1778;1061
48160;2746;783
48170;1446;519
48180;728;835
48190;1019;836
48191;519;441
48192;594;388
48194;277;88
48195;1224;554
48196;1053;757
48200;13321;597
48210;680;514
48211;62;8
48212;322;128
48213;133;99
48215;1837;258
48220;3782;455
48230;3425;789
48240;2166;401
48249;235;96
48250;1465;231
48260;7351;103
48269;750;212
48270;2266;187
48276;202;79
48277;626;151
48278;700;282
48280;5264;300
48287;678;205
48288;674;265
48289;620;514
48291;689;226
48300;8453;652
48309;529;270
48310;460;64
48311;838;712
48312;245;94
48313;269;117
48314;470;712
48315;306;221
48320;334;115
48330;1754;414
48340;9058;1198
48350;1282;404
48360;1641;244
48370;9290;391
48380;595;200
48381;512;221
48382;367;182
48383;277;195
48390;554;283
48391;527;97
48392;661;455
48393;430;321
48394;132;212
48395;354;135
48410;915;340
48419;647;241
48450;4759;383
48460;2367;611
48480;5752;1146
48490;1968;98
48498;358;389
48499;742;499
48500;4128;1470
48508;430;682
48510;4912;605
48520;580;147
48530;3530;770
48550;3099;937
48600;6047;1645
48610;2222;599
48620;3224;1721
48630;3764;1462
48640;2283;1419
48650;594;738
48700;4039;37
48710;605;244
48800;3857;288
48810;1371;254
48820;377;92
48830;1898;317
48840;837;228
48850;852;202
48860;2511;697
48869;227;148
48870;177;91
48879;341;313
48880;207;390
48890;677;370
48891;1060;600
48895;192;235
48901;15560;108
48902;16759;332
48903;13545;540
48910;13048;274
48920;21393;598
48930;11750;285
48940;13605;1021
48950;10664;925
48960;13186;1153
48970;18923;294
48980;21323;448
48991;9044;235
48992;6021;496
48993;6878;2182
31001;6565;11
31002;2794;48
31003;2808;1
31004;3809;138
31005;5345;0
31006;8837;145
31007;8743;1
31008;10404;46
31009;1249;8
31010;9049;191
31011;7625;4
31012;8876;70
31013;10067;661
31014;11676;8
31015;8760;98
31016;6025;161
31100;1001;576
31109;12;83
31110;2407;275
31119;42;264
31130;81;200
31131;58;296
31132;156;441
31133;27;188
31140;235;801
31150;370;382
31151;147;526
31152;8;214
31153;36;277
31154;68;449
31160;931;568
31170;48;168
31171;125;359
31172;37;406
31173;48;166
31174;159;746
31175;10;119
31176;32;354
31177;48;398
31178;67;254
31179;0;106
31180;4580;1417
31190;178;1025
31191;1519;1192
31192;2900;1698
31193;28;235
31194;354;473
31195;224;728
31200;6620;1025
31208;36;800
31210;403;518
31219;12;369
31220;2;93
31227;22;456
31228;16;512
31229;38;521
31230;1745;696
31239;5;144
31240;385;514
31241;28;519
31242;0;62
31243;200;750
31250;74;490
31251;295;897
31252;64;411
31253;99;550
31254;0;15
31260;491;822
31261;516;918
31262;216;534
31263;93;492
31264;6;334
31270;8;73
31271;23;204
31272;49;493
31280;126;281
31281;68;429
31282;21;270
31283;11;172
31284;2;87
31290;40;430
31291;28;273
31292;31;458
31293;177;590
31300;4619;934
31310;258;910
31311;0;179
31312;0;30
31313;39;398
31314;65;537
31315;0;26
31320;381;1233
31330;475;1062
31340;886;566
31350;1721;1074
31360;313;767
31370;851;619
31380;184;1118
31382;8;637
31383;5;319
31390;996;1452
31391;1;53
31392;38;407
31393;10;195
31394;14;293
31395;86;892
31396;29;166
31397;32;67
31398;23;336
31400;1743;743
31409;3;163
31410;45;324
31411;0;28
31412;68;175
31413;6;77
31414;36;110
31415;102;140
31416;20;64
31417;312;226
31418;19;123
31420;120;128
31421;4;126
31422;5;128
31430;1033;451
31438;4;111
31439;26;151
31440;417;454
31448;10;170
31449;3;70
31450;56;105
31451;18;182
31452;0;51
31453;12;72
31454;7;230
31460;30;529
31470;6;331
31471;58;237
31472;7;101
31473;3;80
31480;19;41
31481;23;177
31482;0;84
31483;0;45
31484;0;43
31485;0;76
31486;33;404
31487;33;202
31490;111;510
31491;5;150
31492;4;31
31493;1;182
31494;6;201
31495;24;386
31496;10;271
31500;13957;3251
31510;132;1044
31511;42;635
31512;43;425
31513;204;974
31514;288;909
31515;155;775
31520;800;1420
31521;289;1607
31522;104;605
31523;12;176
31530;331;1232
31540;146;1107
31550;261;1329
31560;784;928
31570;1758;1123
31579;100;559
31580;1644;1064
31587;773;1462
31588;6;145
31589;119;616
31590;975;1102
31591;2351;1641
31592;904;2813
31593;286;955
31600;8593;173
31610;3853;290
31620;3339;1456
31621;5976;68
31630;96;155
31638;96;94
31639;24;116
31640;85;138
31650;0;4
31660;63;166
31670;32;125
31671;25;141
31680;144;220
31689;3;30
31690;61;136
31691;29;105
31692;12;153
31693;15;103
31694;28;151
31695;17;105
31696;18;30
31697;22;199
31698;23;224
31699;165;383
31700;1331;304
31710;20;100
31711;59;136
31712;1;11
31713;56;212
31714;101;216
31715;57;305
31720;248;135
31730;347;313
31740;833;160
31744;45;65
31745;77;170
31746;42;129
31747;16;61
31748;27;62
31749;8;85
31750;56;162
31751;11;58
31752;4;70
31753;15;128
31754;285;286
31760;179;353
31770;815;538
31780;1238;268
31789;89;260
31790;238;423
31791;166;252
31792;101;69
31793;81;73
31794;345;263
31795;20;53
31796;57;243
31797;128;441
31798;89;273
31799;73;425
31800;3190;627
31809;697;383
31810;240;524
31820;801;530
31829;56;233
31830;410;269
31839;171;337
31840;213;304
31849;23;80
31850;28;162
31860;882;188
31866;178;226
31867;19;250
31868;95;299
31869;41;276
31870;517;355
31876;49;85
31877;32;98
31878;26;150
31879;28;123
31880;1048;375
31890;121;77
31891;67;334
31892;131;424
20001;8257;0
20002;5748;0
20003;4973;2
20004;2618;0
20005;4185;0
20006;5382;14
20007;3738;43
20008;7380;599
20009;10334;1294
20010;8561;0
20011;10735;1
20012;9810;331
20013;6647;443
20014;11179;438
20015;7724;439
20016;4510;81
20017;15734;200
20018;16508;727
20100;28481;491
20110;10785;99
20115;6120;246
20120;14567;566
20128;209;134
20130;3915;424
20140;9454;314
20150;5721;426
20159;641;539
20160;13040;486
20170;3535;396
20180;5031;1283
20200;11167;109
20210;3961;281
20211;734;340
20212;405;182
20213;1388;321
20214;901;469
20215;1096;219
20216;796;99
20217;63;200
20218;89;79
20220;93;118
20230;6429;150
20240;7321;183
20247;953;404
20248;39;177
20249;434;78
20250;860;136
20259;3;58
20260;1184;90
20267;206;127
20268;503;433
20269;56;220
20270;1491;74
20271;1398;152
20280;11493;1211
20301;9659;309
20302;6605;198
20303;7059;429
20304;10385;196
20305;8616;1100
20400;17773;562
20490;289;152
20491;81;214
20492;403;208
20493;315;60
20494;74;188
20495;25;138
20496;67;212
20500;17714;295
20530;91;277
20540;3147;70
20550;5562;224
20560;3517;95
20567;1;108
20568;7;52
20569;4655;569
20570;12031;266
20577;1465;191
20578;41;83
20579;0;76
20580;280;33
20590;3254;146
20600;19962;627
20690;703;150
20700;11669;519
20709;122;213
20710;0;6
20720;7991;567
20730;10219;441
20737;39;245
20738;381;248
20739;0;67
20740;1927;98
20749;614;322
20750;7472;130
20759;261;96
20800;19990;472
20808;2376;135
20809;598;321
20810;4919;325
20820;4508;135
20829;286;242
20830;3981;536
20850;1432;151
20860;154;14
20870;8535;435
